id,created_at,block_number,sandwicher_address,frontrun_swap_transaction_hash,frontrun_swap_trace_address,backrun_swap_transaction_hash,backrun_swap_trace_address,profit_amount
e197fbb5-735d-4566-82f3-9a1f76a3a03d,2022-01-16 22:21:16.796440,14017152.0,0x000000000035b5e5ad9019092c665357240f594e,0x1001fc101e374bb0781c30bd00fa5f3798a1b868e319840afe39542b27f54c27,[1],0x92167d18248a7fe69231af390ad965c8879780cd5a918c03b4c6f8bef2c1fc60,[1],1.775430376482408e+16
f1f17c2a-868c-4638-bead-ddf8cf8ec954,2022-01-16 22:21:25.313771,14017168.0,0x0000000099cb7fc48a935bceb9f05bbae54e8987,0xc897af02573e2b9d5bb8b57c0417d59e452bd13680e1249556011b6ac16f65d3,[1],0x4b3865b6648117e0b5a6824ad8ced743be1f6e8c86c933f57107d82474878e8b,[1],73846799.0
9191bf41-a62d-4d92-9809-12942b956aa4,2022-01-16 22:21:25.313771,14017170.0,0x7cf09d7a9a74f746edcb06949b9d64bcd9d1604f,0xc9d483be2014b3cd6920ce8655b3b4aa69ec097a1711091e087cb4044753957b,[0],0x4a490d9763d8b79d7fe2087ada357af1737335c5e24643b3e85f360c2391ff1f,[0],2.7222898989817828e+16
8e8402d7-2f39-4166-92f5-0ce1fdcb87b9,2022-01-16 22:21:25.313771,14017174.0,0x1d6e8bac6ea3730825bde4b005ed7b2b39a2932d,0xd37d2cdd4e216c9070638e05b594625ff41e5d1b85e60b0a1313973b4c7bf1d8,[1],0x076789b47c7a0a5d166d7acdd7dc1c2b2183aa4895bfed27f179278a32995d85,[1],4.072119290406272e+16
a00ff8b6-75f1-48e2-9ff0-7a2f2f78ef76,2022-01-16 22:21:10.607603,14017183.0,0x1d6e8bac6ea3730825bde4b005ed7b2b39a2932d,0x3ab641ebdc50c37782da3c650cd8eeb1b2330ecade06ed53c2fd7af19f020cb3,[1],0xf9704e68d70d56c238d952c87db45768982fa99bf2567068917eeab49b471cec,[1],2.199418869007936e+16
7a2585f2-53ed-47e7-b1fa-e1073b7bd6c1,2022-01-16 22:21:51.023759,14017199.0,0x7cf09d7a9a74f746edcb06949b9d64bcd9d1604f,0x1ff42f5316125d5ccbf7edacc2c3853cad776f963ea82eb6c7ef1a6af5bf31b6,[1],0x547299d38bcdc3171e5797c6feb94f169b3e357a4117be15a0e911e7c9266ea1,[1],2.6778107478278144e+16
d0c5f60b-2761-483c-8d9f-956c1258fe36,2022-01-16 22:21:59.103713,14017212.0,0x00000000008c4fb1c916e0c88fd4cc402d935e7d,0x21f8b895291b3151c381bf6e303b23d3972b48be9ebd45ea5b188f5df478d4f3,[1],0x3d06defbd635e387c6bd173820befb10667628b6b241679875d5b434ca72f672,[1],239645884.0
f61b255a-0c21-4f8d-af2d-8b44554bfead,2022-01-16 22:21:59.103713,14017212.0,0x0000000000d41c96294ccdac8612bdfe29c641af,0xca1badcf0a9519b5796a3ef4b9946df32e0900e797662d1cf3664fb0c9e62649,[1],0xcbdd54d882c9f5345a9ea58a622350b59e8c6eb26be6f6711b170f2928a34821,[1],1.0937195307089198e+17
75c9c3d3-3e42-4989-998f-422e1ce1b9c0,2022-01-16 22:22:18.163406,14017221.0,0x0000000099cb7fc48a935bceb9f05bbae54e8987,0xba70231ea8d1238c4612691bd1de405fe224c773da8734eaed5e8307513505a2,[0],0x923ee7cf5c050f287885c9febcb0397a0d79f02f228f89b64c39a076c4ecaafb,[0],107091759.0
7f5defb7-5689-4078-bc0e-f1e26cc042b0,2022-01-16 22:22:02.970956,14017231.0,0x1d6e8bac6ea3730825bde4b005ed7b2b39a2932d,0xb750578a12d1fbd0712a30c43ca8d1fadf5f8f5f3915265f7df4732e31a47c17,[1],0x612b0ff385972e6c9e2d370f80f99367ff1e5e940079bed5463371ca4b456248,[1],1.132588603731545e+17
4d463771-16a4-4a6a-b660-4d50e346d9ce,2022-01-16 22:22:21.935712,14017236.0,0x1d6e8bac6ea3730825bde4b005ed7b2b39a2932d,0x7157bcf5796a0e5f953c6d51418ea90d472739730a8c2eedd225d85bcf5a9364,[1],0xa2a3c02d5545e154f40ef41c1ef8592c7c69a1aca2849b37ed87a6a4c291a388,[1],3.8992811971633656e+16
3b573e2b-561a-48de-9bb4-31b378dc1aff,2022-01-16 22:22:21.935712,14017237.0,0x00000000008c4fb1c916e0c88fd4cc402d935e7d,0xeeadb5140b1904febb8afbe8f9bc3eda462307818ca8e38fd1129b25418364e3,[1],0x429fe935eb703578c69beec076912e62d7c34318bb44b54ba012c57e076a81c6,[1],7048397056.0
b52e5375-5efc-428a-be6b-e0bb604c90fa,2022-01-16 22:22:21.935712,14017241.0,0x00000000008c4fb1c916e0c88fd4cc402d935e7d,0xcd64abbee6976b8440443dfccc647c5780f77a8f9e0acd282b498ddb3a853086,[1],0x0b42555aa57ff34194d2aee224efca10756530b79b62f4721f693081750d38b8,[1],293474800.0
864cf8fa-f285-4cf3-b1a4-7b8550ebb7ef,2022-01-16 22:22:21.935712,14017241.0,0x7cf09d7a9a74f746edcb06949b9d64bcd9d1604f,0x56947f02affe8c75fd6bac9c0362675db66cbcda04b899d46d38367b54c46fb8,[0],0x6f8ab891ec86476ccb355c76b7439ce2f5f8a7ba6a08496ffc8da51943a96b78,[0],3.431257814291915e+17
19e66684-8c23-4b08-9f52-b968174d083d,2022-01-16 22:22:21.935712,14017241.0,0x00000000003b3cc22af3ae1eac0440bcee416b40,0x7214cfc6add4eb15214f2aa43ac5edb5c214fb5ed051f2df664bfc6040848111,[1],0x9aef483c91270a953d2146eaee32873d7ec53cca7be6fb00196011ae4c5dbf4b,[1],1.1941184185932186e+17
a603e7b1-e794-40d9-9217-577e107ac41d,2022-01-16 22:22:21.935712,14017244.0,0x000000000035b5e5ad9019092c665357240f594e,0xfa8d594ac1947992f9ad63dd3c5ef58a178c48c67b7550ccd207e090ad1238d8,[1],0xaf81791eccc3f61efdd22556b8c8e74ef1817874fe4fb435fed169334f4b9d5b,[1],3.5695122743821936e+16
b1551487-ef54-4c7c-9117-4d1b28c8866a,2022-01-16 22:22:24.910318,14017254.0,0x00000000003b3cc22af3ae1eac0440bcee416b40,0xcbf7f6679d795db95a6273b8888748bd2a8714e6c8229f7c7f055f534df4217b,[2],0x05c4f656391682eb68bdfcd99186f5b62a8e3944b78e2e8ab3a3407fb915b735,[1],5.000201647870927e+18
d9636fa5-bea4-421d-baa0-62a2777364ad,2022-01-16 22:22:38.584933,14017261.0,0x00000000500e2fece27a7600435d0c48d64e0c00,0x766829f360ad5838e401ba7f2f7f05b221a9ce897b9ecb8415ed266d67d54bf9,[1],0xdd9423cf574c83015fa50a87bdb72458edacd6df7c17140985a0280fdb203132,[1],8.77597524282176e+16
6c8159fa-3847-4063-ab48-7f2c3f1b2e2e,2022-01-16 22:22:35.621524,14017268.0,0x00000000a1f2d3063ed639d19a6a56be87e25b1a,0x553071d899cbbc8a68604f176de9c1d29df9ea1bcfadf116a1e2112c43f6cba4,[1],0x08e009f83bbb3ead5ae52f1034c40bdf2a2fb2e95d97f5f7ac711c212bd1f369,[1],2.3276107013821776e+16
bbebaa2e-0c81-4a8f-a684-fff6ea612aee,2022-01-16 22:22:35.621524,14017271.0,0x2ae0d7d7e9c7880f01e530c731f21d49be179732,0xb036b20a8ca73731e13a0e106f6aeaa439309fd8d622b753ee68fee3602520bc,[1],0xb06dec4c4cafcd418a0ff9697ef124481dcfe5cb605d4b8888b6e811e74d79aa,[1],1.1439681691227579e+17
58f536a5-6a66-4681-a807-f1bf5c2ec40d,2022-01-16 22:22:35.621524,14017275.0,0x7cf09d7a9a74f746edcb06949b9d64bcd9d1604f,0x140d6d9d546b2cd53606e936e4cdbd21a4d71f6fc4ed4f0e99ae56fe9e4531a6,[1],0xa327afd8ad04a74562dc36ff464ddc7915b733bbb2e25163c13bdc2e720451a1,[1],5.90946740689961e+16
25b3d901-4299-4ed5-a098-fff10c31fd10,2022-01-16 22:22:35.621524,14017275.0,0x000000000035b5e5ad9019092c665357240f594e,0x95116a6d04c4b9fd53a75ef678c1b281474b42ff0f15d57990c62856f68d6769,[1],0xd49b298283e9de63a423075ee44d5d1698f420c39a644088454d7262a413ad13,[1],1.921444772105384e+16
c1f910de-8da9-48d4-802b-6761796aaf2e,2022-01-16 22:22:51.971674,14017276.0,0x00000000008c4fb1c916e0c88fd4cc402d935e7d,0x5c8b578f7495d748cbe24ffa1041cac827312f94c6a792e5fb210ce2df4c24ed,[2],0x1e96edc50b1ac41f790d99838d52d0c054dfebea6d1561c8c81d564dab9366b9,[1],3.832860582454276e+20
0cc05e3d-4172-42b3-9568-3fd4c32d39a0,2022-01-16 22:23:10.564205,14017320.0,0x00000000726422a6fecb4759b44d47e48cf746aa,0x4e0e9972efadd7e54967fdff100133811b28d1f7fe91dad0d2ef33762eb3bf3d,[1],0x9e393339dca7f75bfe932d07a738263670727a71a1afa6a1882d71ddccfe9092,[1],4.037572585887184e+16
5f274c8b-598a-4350-a97e-e9d59c5ff875,2022-01-16 22:23:31.180464,14017340.0,0x00000000003b3cc22af3ae1eac0440bcee416b40,0xa847e50811a06c9f89603c9a78f4c4673d9f66a3288251812fbce1e2a07bd67b,[1],0x471f2c95ee271d33f7c9bc151e7fe5e865c82763798cb711aa8135e590387425,[1],9.671989325201408e+16
bf38b805-e8a5-4d1b-9940-87f059fa6e2e,2022-01-16 22:23:35.479293,14017348.0,0x7cf09d7a9a74f746edcb06949b9d64bcd9d1604f,0x344692d9fcc5c43e4f99be075dc05d9702ebf3da84541001714d424a101171ed,[1],0x2ab28f29d2848a1af5d0ffd4478ddc1508db82868636e296ddf1113f09a59ee4,[1],1.6615377337319424e+16
f8a14986-82c9-413c-ace5-ccaaa3d051b4,2022-01-16 22:23:35.479293,14017353.0,0x0000000000d41c96294ccdac8612bdfe29c641af,0x0adb9ae51d1a3441c9dc9e4075b9b0670c63c62c5b0be89fb3f5df326cd668c7,[1],0x1c624acb1ae90561de67d5bb3d2ed92dcbebdf083f895ab9712ca248c7ac7b9f,[1],3.2428247731201636e+16
24255fd2-f730-4ad5-af72-11f56be77c87,2022-01-16 22:23:44.406796,14017364.0,0x0000000000d41c96294ccdac8612bdfe29c641af,0x41f9d417fbba3e4d56f50fd4d7f37b90e9fa5154465b00d0a36c08e4936f8de8,[1],0x675a8127115ce34214f87629c3cd55727633ee890cf98cebaba18520742fe08d,[1],1.1493573331788418e+17
3b6d812b-2c83-471b-8778-7ea01d469d5b,2022-01-16 22:23:44.406796,14017364.0,0x0000000099cb7fc48a935bceb9f05bbae54e8987,0xde84099e9391c8c0af06a2781071a7bbec1fee77426083774dc36b6745c934bd,[0],0x89377909abd94be7d65b14f9c674d3ee16ee08576aa9a675c13a8a1edafc7a47,[0],92733093.0
559ee19e-0d16-432e-832e-5e1360790531,2022-01-16 22:23:54.232489,14017366.0,0x000000000035b5e5ad9019092c665357240f594e,0xfe311ee99ab6268c9b10664fb148cebb21e4266bc10d49a399b055d171b03513,[1],0x726b9a4bc3c9908c2b43ae0ce3ca8e28fb4179c366fe206d9fa1f0442b6bba8f,[1],1.6965277576518324e+16
8035f9c6-ea93-4260-873e-7b71c67d640c,2022-01-16 22:23:54.232489,14017370.0,0x499dd900f800fd0a2ed300006000a57f00fa009b,0x3908caca75e9cd99adf6a73e657d136dbb1f51e13b793e4bfe4a996aec1fe60b,[2],0x27969dea5789f1c43489cbe6691a265a524e02c63512f2974753f2c36fabc659,[5],4.5784600908114854e+17
815ab975-445f-414b-817f-5515071f8af3,2022-01-16 22:23:54.232489,14017370.0,0x00000000008c4fb1c916e0c88fd4cc402d935e7d,0x15d28af7f0ea5a9e88876aff0126822fa9e7d70fd91e5670029b29428b1560ce,[1],0xb7392d8015a3a13ce80ac99635b79b964049d7a0986a18d3eb05495192b993fa,[1],446033872.0
fe1d3313-791c-44c5-88dc-1ba434cd612a,2022-01-16 22:24:00.332012,14017378.0,0x000000000035b5e5ad9019092c665357240f594e,0xc08229d4c302533d0d17e5e88a3667273d75ba46a528d51413cc516bf4e31391,[1],0xc1b42177438775f581fe4af7d9dfd185d6ca8b0af8eb8f4bd5aaadfa8a390c4c,[1],2.8745649139067176e+16
c3c12c77-c162-4572-8f8c-2e86c3091c0d,2022-01-16 22:24:00.332012,14017380.0,0x499dd900f800fd0a2ed300006000a57f00fa009b,0xcb6bbbeb099edd35c0025f9b8b9a8887fa22d6b2a676acd1f25792e24dac612b,[2],0x4830ef19a6a8deb0aae18ddea08936e443806771659618938ae79a7bbbe60b6f,[5],6.69815886548293e+16
d14fd598-88a7-4be7-9ba4-f6a9789493ad,2022-01-16 22:24:04.472756,14017395.0,0x1d6e8bac6ea3730825bde4b005ed7b2b39a2932d,0x68a9fb17074c7b97a634a6ffd2c225f3f4780b59ae010db5f2eae5eb099d945e,[1],0x2bccb7526055a63c4193de64b80928968ec5ef9ac62e6fae95ecea36bc00df63,[1],1.5546941035837338e+17
145d507d-bd25-4aaf-bbc5-e9073810bf8a,2022-01-16 22:24:04.472756,14017395.0,0x1d6e8bac6ea3730825bde4b005ed7b2b39a2932d,0xdbcb4456c6447fc50e715dd785c55530d0a74a414ea24cd0d36ff2cce0c33ba4,[1],0x9657c8c6715f233bb25f729ec4931fec09c8dacd0838eddd5e77783d07f2e6d0,[1],5.5305604748044536e+16
4dcaf6a1-fdf4-4ea3-a07b-98df17715e5a,2022-01-16 22:24:16.817476,14017396.0,0x01ff6318440f7d5553a82294d78262d5f5084eff,0x7401731cba564b5d5207f8b37a97fe9feb0f7ba44ac2dc2e749caf5f3dce5795,[1],0x1ce69b12646364fa5fff34cbce4724d43d18bc49afa3750c43870919d4780f98,[1],1.7669235795845136e+16
4cdb835c-eab5-42dc-81de-9b3dfb0fa6db,2022-01-16 22:24:16.817476,14017396.0,0x0000000000d41c96294ccdac8612bdfe29c641af,0xc6b69601aa328c1f9ecae2547234362a1714d5d59d7f3a17860900a91835272f,[1],0x214547cff31898b2c840ade8652bffaa1298bd7b0198e7e5d972033ab283625c,[1],3.78484048374986e+16
efc4502c-562c-4baa-8b7a-ad15951224cf,2022-01-16 22:24:16.817476,14017396.0,0x000000000035b5e5ad9019092c665357240f594e,0x65a03219103d38c67061c801c6109634e75d46c2d61dfe6eca15ef71b98727f6,[1],0x2af416da0759608888624a4323cf72d0a3102409ad494f0c6f0dc1f10e5945a5,[1],1.6398365827176448e+16
41969b4b-7911-4471-b73c-cdd1bc9a214f,2022-01-16 22:24:16.817476,14017396.0,0x00000000500e2fece27a7600435d0c48d64e0c00,0xa0a4854237c9481de3becc28b05dfc70a8d7de9ea7f57f2a92e7f705fe5aec9b,[1],0x8a4c6e9ca6359a4995f1b00aaa6d38fe3c30e6ebafdd5d443c19652f9caa58e2,[1],2.571774348631677e+16
f616240d-a7f5-4d1e-94fa-c1a2fa527075,2022-01-16 22:24:16.817476,14017404.0,0x7cf09d7a9a74f746edcb06949b9d64bcd9d1604f,0xec645f4b13a36e9aec0c6c37677f247973d91e1bd5c31c0874086e19d8a51bfd,[1],0xbf94720a0389035eb50646360feee3166dd0015053bb6e215cb34372445b3ab3,[1],1.0951250488275763e+17
ca750e7c-9c55-470b-9db6-f0106cbbfe0b,2022-01-16 22:24:16.817476,14017405.0,0x00000000003b3cc22af3ae1eac0440bcee416b40,0x932fa7a99d20d2f11afd44d61e01d99c5a57bfe5051898cf4c524e7e35503cd9,[2],0xdc2a52348ad03c956664fce157dd4ead94512d9f06dd4335001e74179cfe91d9,[1],9204668402.0
c4aff73c-b875-4a10-aaa4-12081aff1af5,2022-01-16 22:24:28.923704,14017418.0,0x2ae0d7d7e9c7880f01e530c731f21d49be179732,0xedccf0ecd1134efb047d2c0e3488a4c1f3f39a61b62f66f39d8711455e549310,[1],0x9abad7110581eb1d1da00674bdfc9212e74268e080f2a1be76258cb13ed7298b,[1],1.0312353652046341e+17
826aec5f-2649-4f97-a4d1-12c4cab19656,2022-01-16 22:24:36.080378,14017426.0,0x00000000003b3cc22af3ae1eac0440bcee416b40,0x42c0a25464b76342d074d206c1696a5ee7ba2a0ed66d5c58ab806db25c609382,[1],0x81032a7e62c2c19840fa9f45cc886f7b98d1cddcf7fd21e6a77520f179c804bd,[1],1.1433894002189926e+17
10a6b9c0-35b9-4fa4-a969-0be85aa01e41,2022-01-16 22:24:58.984101,14017461.0,0x000000000035b5e5ad9019092c665357240f594e,0xa85cacf7f4a82bf61625cafacfce3283970a5e2a680a875e71b40501ca77f489,[0],0x4fd2dbcfd72c011cbc80cfdda02cc6a99b8aeca910c9721e9830f67df7964a1b,[0],3.3889815114691176e+16
f1ebe1ef-5d98-46f5-8e30-973318a28abc,2022-01-16 22:24:58.984101,14017464.0,0x000000000035b5e5ad9019092c665357240f594e,0xf5518abf507bc1f6df96f4e19ee5669ed2d5f4b9619cd1a288560325c613552c,[0],0x20b16797b0e22ef37508054c747768a1f1927d26ed6505d2139b10f80728b4a0,[0],4.4456884963161715e+17
612bdcae-e2b6-470f-b5a4-4b89dd70c836,2022-01-16 22:25:02.376259,14017466.0,0x000000000035b5e5ad9019092c665357240f594e,0x86c5eddcb6a6f4c32f8ec998d72b97df4d8bd5bd31fb2982b16c8518112801e3,[1],0xc08fd3d10785f1bd00e7a7a35ff40fbe73a0522525ab0c89e8ed901415387d2d,[1],3.649418390199063e+16
fa3f16da-b7f1-4b5f-a3d5-2b329534899e,2022-01-16 22:25:12.365522,14017480.0,0x0000000099cb7fc48a935bceb9f05bbae54e8987,0x6cb013b5db4d1cfcea223e9ac2189bf519ef8d3728549a9345a364a4f294ea58,[1],0xfd838244086c9902e24c51fe0de837170f138a237a424493e300a73659ef130f,[1],162076082.0
add4e7fe-a597-4bd7-8b00-d2f72fb68aa3,2022-01-16 22:25:12.365522,14017483.0,0x000000000035b5e5ad9019092c665357240f594e,0x04ca0fe50d3c9137428d8297c5b657ee257337d77c41703fb639cf0b2b9cdb10,[2],0x029c1bd584232f4350a1cb9796d51f1879d989852ce591f4ccb45c26aea7ff93,[1],1.429034267842992e+21
e774965c-307e-452a-a43b-0636f69dfa71,2022-01-16 22:25:12.365522,14017483.0,0x000000000035b5e5ad9019092c665357240f594e,0x652e525376fb4fd41f4318e670065cb26f4a40d853451d11e69342b75c3f17ee,[1],0xadc052cfe237f0c7f82b8aa8d3c2e1cf87aed478f29774280149ea499870bf60,[1],4.04278557091259e+16
ead13362-6a32-42e3-8936-77468da95eae,2022-01-16 22:25:12.365522,14017483.0,0x01ff6318440f7d5553a82294d78262d5f5084eff,0xb908a415e8d45333f823f9425b8f23eda2d7cf193905ce1b74716a4ff25452bc,[0],0xcdde9e01ecd750d988874c85a735a1eaa4a83e12a30d5ec36ba8c8d16fbed055,[0],4.600729760822169e+16
8b360d3c-238c-4acd-85ea-79fdb4ff199b,2022-01-16 22:25:31.383128,14017496.0,0x0000000000d41c96294ccdac8612bdfe29c641af,0x17ae4ce629275ec56e49cf788b7e6c68e3bfe12ebb495c5e85c333d3dbe808c4,[1],0x8c9ed0c0ac79fc03f2d12a094bf420c53759958deb586bf14c50f058a0344c77,[1],5.544556038259605e+16
db856d97-c2cb-40f0-851d-de7ea3842730,2022-01-16 22:25:31.383128,14017502.0,0x1d6e8bac6ea3730825bde4b005ed7b2b39a2932d,0x49b017bd390ad4379afb6bd5e5f0c8868073cdddeac682adef12e027d1f0d72a,[1],0x6453955f8a0c3034ca62ed24c2243c087572a5c6fbc5b01e7efdd21309427770,[1],5.394987820715881e+16
1dbffc58-b98d-40cd-9e12-42d156ba31c1,2022-01-16 22:25:31.383128,14017505.0,0x46c4128981525aa446e02ffb2ff762f1d6a49170,0x08a7ae785d53fdae757175eec98129ebb84c77da55dd312b49a3dac2650eaf89,[1],0xf8dd20f785f63b203bda96bc76f484949b3b0f14c3d487dc2f43c7e72a177511,[1],7.261125358573725e+16
aa1de914-a773-4d37-8fd9-71df7711b8b2,2022-01-16 22:25:36.100230,14017510.0,0x00000000008c4fb1c916e0c88fd4cc402d935e7d,0x74ffdac1583535cf9f63193269281d74f61cd7d00d41ef8fa9f618e8d450e8c6,[1],0x35c54b36ac7aa29bd1accf2217b2a85e6e4f4cd00827c52f7c0df69f63be6336,[1],201732752.0
f40580bc-a9ec-4cbd-adfb-e83ccd5eabd4,2022-01-16 22:25:36.100230,14017510.0,0x2ae0d7d7e9c7880f01e530c731f21d49be179732,0xb462da4f4f2c439c620474275e4e40083314ddccf25d850cfaafe7e19f925701,[1],0x7a45bff0c67b1099414ca36edba9f385e6c926260f0fe3a4d0b79711b67c06b2,[1],2.8252400755360924e+16
f56ab55a-d07a-42d7-830c-d18ee5e71cec,2022-01-16 22:25:38.004725,14017520.0,0x00000000003b3cc22af3ae1eac0440bcee416b40,0xc262af9a3e0d54103607351a789c35f1703c6274ea7135fec5494c45845aa687,[1],0x126e606abcddd8e5204e467013254da66237856f1ea539d899ae6ef8a9a101ee,[1],3.3283563874523546e+18
697d3602-f1c6-4177-ae0b-cec7c6977cbf,2022-01-16 22:25:49.825890,14017534.0,0x00000000008c4fb1c916e0c88fd4cc402d935e7d,0x2fe629b3f711f84f4c100b5c6fd9b38ec6b7ecbd6fcfd321fe8a529792df8eea,[2],0xa95b40f3c0bfa3b2ddf018dcf7f60d5daa8c7806d23fd67e79d44d64a0b1ea07,[1],1632363925.0
9d6c369f-c4a6-40f9-a24d-308b33f2ac8c,2022-01-16 22:25:49.825890,14017534.0,0xe9ab8038ee6dd4fcc7612997fe28d4e22019c4b4,0x2fe629b3f711f84f4c100b5c6fd9b38ec6b7ecbd6fcfd321fe8a529792df8eea,[1],0xa95b40f3c0bfa3b2ddf018dcf7f60d5daa8c7806d23fd67e79d44d64a0b1ea07,[2],1.6898790031475343e+20
5fea7c69-c427-4416-8fd1-b0048daabe5b,2022-01-16 22:25:57.520366,14017537.0,0x000000000035b5e5ad9019092c665357240f594e,0x6fa008199275a93df488b2bc7405420d81536cac8c508a56829a3ba9f9570167,[1],0xa560e8cf780305f0895f46898dcce140b8663126391891b524f2ec5f71698320,[1],2.8551593892867224e+16
5a967e23-c4a8-41a6-8700-554ccde69ed5,2022-01-16 22:25:57.520366,14017543.0,0x00000000003b3cc22af3ae1eac0440bcee416b40,0x2fba7d90f4a1f95463b3d7abc5477d1e483b297435f6c636b8bb04b2167da68f,[1],0x86906ce0c95bd057e6edb80c4728212aa0b5d3b9a8fd54576faae7d01de2d45b,[1],2.075592069480448e+16
60ca5b2c-090d-4a4c-a3d9-d39d24f9b0ad,2022-01-16 22:25:57.520366,14017544.0,0x2ae0d7d7e9c7880f01e530c731f21d49be179732,0x73b5377dbfcc3652db91240e2d1bc4e6520f9811a5ec3de969392f9e6c43651e,[1],0x96aacbbb18725b1bd60d1aedda3d4ea6145bbb02fd5621b562873e62dc03dedb,[1],3.569078731969711e+16
97578a0c-2545-4567-87f1-ecb0decd588d,2022-01-16 22:26:17.868058,14017557.0,0x0000000000d41c96294ccdac8612bdfe29c641af,0x6b02c08e80759a08e6c3463462bbed287a6949939bb8195de9afa390faa4b62f,[1],0x48335fa02041a096702c3ee699eaed47c4558fbe43f4a09cb8832997383c9ee8,[1],2.1706031658491428e+16
9abd24d5-b0b7-4271-bce3-b2eb5b76eb00,2022-01-16 22:26:17.868058,14017557.0,0x0000000099cb7fc48a935bceb9f05bbae54e8987,0x649c37d22429efc82e9fc5cb5df13999a6c16d0f92e13079afca520fd2dd9b33,[1],0x8c42d276b54d015d797717fd7ed116cf7ba4dd5704453aa16904c772d598c968,[1],197857659.0
7d8f8e99-ccde-4ae2-9805-7cf5e0f41925,2022-01-16 22:26:12.224237,14017572.0,0x00000000003b3cc22af3ae1eac0440bcee416b40,0xc49823896097a350c37483ddcd54fc3541be4af0ae60563c4a7dc32e7614070e,[1],0xf3c58db8610fe24662ba39108b9bdc3bd7198ce68e772ad2f5ff99841340dc33,[1],1.5337813974817178e+17
d8c5471d-e9f4-4821-9daa-feec92e42d26,2022-01-16 22:26:45.955952,14017598.0,0x7cf09d7a9a74f746edcb06949b9d64bcd9d1604f,0x864b9b22853564775cd9bdf8d526554601dc9514e36886fd948942644c230ba1,[1],0xa0bff27396cb9f9e13f864cfa36eddf2c649e60d62f5217e76b4fbe219f14aae,[1],3.18624296337408e+16
fb3e78db-5fbe-4390-b957-90d8d139b55d,2022-01-16 22:26:58.674237,14017616.0,0x00000000726422a6fecb4759b44d47e48cf746aa,0x48bfd43cdaef84dfd45681c1a8a3c93b83022c5715dcc231ae2307e9a248b276,[1],0xe5f1e60dcc29f5d67e5b7b57dbf5dd4f702e5c0a6634a8a05ff252c98d2f0959,[1],4.5483626472656056e+16
6d4a9ae0-d7cf-45c9-a1ce-6fe45384676b,2022-01-16 22:26:58.674237,14017618.0,0x00000000726422a6fecb4759b44d47e48cf746aa,0xee293822178f56c1b10fef4c304b5a173b36e1a10dd422d812c9becd6deea101,[1],0x3d1b80a83af8c9e8f0d2fe6ce1b8c47c5d73a19335794da82e2c09db6beb84a8,[1],3.9478640643049144e+16
47e42814-79ba-4f0d-9b01-b62a841f9854,2022-01-16 22:26:58.674237,14017620.0,0x000000000035b5e5ad9019092c665357240f594e,0x1695b918f937a54891cfe02ea1b38f85124eb7fa2146236305937a2c46bcf3e5,[1],0xda2f9c4a6bb98992573faf29021a41676ab95437467b3ee3adf7e82840fd62d9,[1],2.7949079946687788e+16
0ab8b148-3fae-4086-938d-4518b766cc23,2022-01-16 22:26:58.674237,14017621.0,0x1d6e8bac6ea3730825bde4b005ed7b2b39a2932d,0x9335218c68b72b69d4ebe621d72aa657c3feadf5144cbc1aeec794f85faac968,[1],0x05d1bcf850dcad6a4169a9114a903e423de55fb21aab79f4b4dad107a3938714,[1],3.1103892629471e+16
d400b6b6-6054-4a7f-9952-fac3a54ae1b3,2022-01-16 22:27:09.758320,14017629.0,0x0000000099cb7fc48a935bceb9f05bbae54e8987,0x841e7185b609f5af4c98d980abb99e5a26d7ddc78a45c40a06e25093ce5d255d,[1],0x5589be22a213f6331700f0d0f2eb59047273d0746462ea6eb7981e236ce33d16,[1],69528367.0
71043bf6-94d1-4d87-8f75-671d6647454a,2022-01-16 22:27:34.117348,14017646.0,0x000000000035b5e5ad9019092c665357240f594e,0x355473c7eb9ade3eb1129f2ae2df59a1339faa51a8847a7a67089de7273a1f75,[0],0x7a0e6fecca6f296a9d98c86797b38804f8d15ddc356c0b4bf62a84842e77cf2c,[0],1.1828025285707078e+17
190ba720-bf91-4593-9996-8c36c938fbee,2022-01-16 22:27:28.409589,14017660.0,0x00000000003b3cc22af3ae1eac0440bcee416b40,0x259ed2158131c7c532643a6b1d275958cc58ddbbae6cb34752fd01460c454fde,[1],0x8159975efaf8c4cc53a2cb83da474279459ea9f8175eccda6fb240b2aaaad3eb,[1],3.1195855004368896e+17
767ecb3e-88a8-4894-b873-4eafc78562f9,2022-01-16 22:27:32.294777,14017668.0,0x2ae0d7d7e9c7880f01e530c731f21d49be179732,0xe4d34a027695f35388939a1d3527c6a2bc6a2d6fb13e263ae46515c583806793,[1],0x9175216a9ed6b93694fe1aad292fb7b5292466aa1c71a52259ba871ea5333b7b,[1],5.381602455445606e+16
bcc9505b-4945-451a-ba07-f571ad5e8f5e,2022-01-16 22:27:51.174555,14017678.0,0x000000000035b5e5ad9019092c665357240f594e,0x63790cf6c10b38cfee3336a2d9316c1c865a81356532cdf1193ee6fce631eaa2,[1],0xbbc30c505f887d57de67adb75bef756ddba3c502560cbbda709838f37e009387,[1],2.4794553320573805e+17
aff060a0-9651-4e22-bcbb-9d3334618beb,2022-01-16 22:27:51.174555,14017680.0,0x000000000035b5e5ad9019092c665357240f594e,0x1afdac9c78ce4c9dc1911ad58a06b8424565093f79cc44af2946ff9fd7b06237,[2],0xae9d127db0dca4b87f2694e85ce90bd1f8ef3a6960c38b58668f3abc519fbee5,[1],2.5979752842595604e+18
2e966759-95b6-45f9-ac0c-92b598b8cd22,2022-01-16 22:28:08.091562,14017704.0,0x1d6e8bac6ea3730825bde4b005ed7b2b39a2932d,0x5f9e6e76b9c351bdabce9c6c492a9384ec418aa1990e28e76bf4a23efa0a4ad9,[1],0x2f69403085f33c5f4603e4045532cfc0d1996f05f24cbc59d6d0ebab7ee65d43,[1],4.759591638008046e+16
3a6f4ee3-43dd-4119-aa12-0043f8a00fb7,2022-01-16 22:28:14.735518,14017716.0,0x00000000003b3cc22af3ae1eac0440bcee416b40,0x26e19df849cbcd846e23f988405a61119c195633280c8ab9abd9b5f06a73a004,[1],0x2728260b17c78c68d4788db51c1b88debda1ef01412a1596577ec243f5241470,[1],5.223408658389402e+16
d18f5939-23f9-49e2-aba5-31dacf9beeb6,2022-01-16 22:28:14.735518,14017717.0,0x0000000099cb7fc48a935bceb9f05bbae54e8987,0xba1cf6de9c4c4a2a87084fbc8068d88734a5fddb1276a63b3299d8a6ce16ca5c,[0],0x4405cf2025f3ac5928a8e2256665b96b4fb13dcea6034065411443788b0dc39b,[0],1011773821.0
11e8dd44-4f12-4b7b-be6b-5a8e6025ad14,2022-01-16 22:28:24.443326,14017728.0,0x7cf09d7a9a74f746edcb06949b9d64bcd9d1604f,0x95ae24c8c2339d46fd611d8b354d2c3f53e4b313006e78167a084b9fa0f567fe,[1],0x06c6291d963752897ff688a0114b3af4a94ba1a232802854390616b90e5410c2,[1],2.526810864615424e+16
9a791b76-ae54-4d65-9364-b1cb41fe9848,2022-01-16 22:28:24.443326,14017732.0,0x1d6e8bac6ea3730825bde4b005ed7b2b39a2932d,0x47b7ec207484bb74a38587ba1943c0578f21ef9ab5249f1a42818a8cadd5dc2b,[1],0x9f6cd7b3e0095f10433677cb95ab38e8d8bf433786e20a6eb58df9e459cd4e08,[1],1.900220132976912e+18
9cc10fd0-f6b9-4fa9-b686-742ef7261d70,2022-01-16 22:28:24.443326,14017732.0,0x7cf09d7a9a74f746edcb06949b9d64bcd9d1604f,0xd45069a33b1bac82bebcf94062b113713bc570b499e49126a23d6514286fe2a3,[1],0xdacc6e55c8be267819d6199733d642354782f10d3d88cad492c996750c64bf29,[1],5.116547724581274e+16
0d0fe39b-e88a-4b52-a135-feb5c5e3fdfb,2022-01-16 22:28:35.564138,14017741.0,0x000000000035b5e5ad9019092c665357240f594e,0x56e0733c9007222800fcc19b15ce89735fdd2739d0a6094c49cf00ce47a14ed8,[0],0x0a68b2e89bfc094b1d0ca4fa543c3ec3f4e97dc843eab6943495fa48606cbfcd,[0],2.6767584696205488e+17
9d450821-a0ec-423c-8654-c57687a424a9,2022-01-16 22:28:35.564138,14017745.0,0x7cf09d7a9a74f746edcb06949b9d64bcd9d1604f,0xb0253f83c2f62970366c44ff5620a74a316d8603bfe395cb184b9bd960473666,[1],0x8909e91e164b09e6a9246a6a69a4a5ff234de3b856d8e4b45b15f318936e5ec9,[1],3.583525290770432e+16
a0183ed2-bc78-4405-af33-46f07a929672,2022-01-16 22:28:47.655788,14017754.0,0x00000000003b3cc22af3ae1eac0440bcee416b40,0x9595b85d8eed7e4ef3f1bbf21338634bd8317840edd4ee5cca117390b09f40d0,[1],0xbfe42083230c7a4f1fbce33d64508e8d09a28ef1e126932861de68a0d8552b44,[1],2.5404396279955456e+16
b6965584-228d-4789-8b0f-5ce10c5d40af,2022-01-16 22:28:54.160226,14017767.0,0x1d6e8bac6ea3730825bde4b005ed7b2b39a2932d,0x98713c8b47712e8648a978344735a93e3e58978715d7466b32095408301a80f0,[1],0x0e6314f08ac69abc171dcd23d53ae6306b7c23af2b0887d635e4cfecf6ff45f9,[1],1.158666331478733e+18
99205d60-e223-4d9e-9c5e-1609e3a40193,2022-01-16 22:29:02.356608,14017779.0,0x7cf09d7a9a74f746edcb06949b9d64bcd9d1604f,0xc96999cd550514054a17ed8da1b45553c3daabd37749f9fca404e0d15e1fc2fd,[1],0x98563e5fa0e7274a5b73cf18b764abfec8af401cd9aba90d8d543dbfc7dd5452,[1],4.801347376172237e+17
d6ee7f51-ebda-437b-af83-5e04ca64466c,2022-01-16 22:29:08.008013,14017791.0,0xbe7395d579cba0e3d7813334ff5e2d3cfe1311ba,0x1e4fbaffa352de140e78dcd19e5102fb29fe647f06e2c63d2683ae3d14ee0f3a,[1],0xa7be65a7b6deb45ef43602867f145ee2fca99f82ce76ebb9b8d82c7f339feb4f,[1],5.4241366929023064e+16
02128a26-691c-4ece-897a-3c3b0996760e,2022-01-16 22:29:32.026446,14017827.0,0x7cf09d7a9a74f746edcb06949b9d64bcd9d1604f,0x4b95274f94f6de5f74eb6da00eed3e44c4e2a3e14b3e72fd99bdc9c35c5002a2,[1],0x71749f0479b6d4c19ce601b1a56776b275b09abf288120dcec7b691a43ce26c7,[1],1.098993998317486e+17
2cad29f4-86b1-4f1d-ba79-b5740de3876c,2022-01-16 22:29:32.026446,14017834.0,0x00000000003b3cc22af3ae1eac0440bcee416b40,0xfbb0b143c95c9532a31c5d3b1eb1e226230eee988a19e9f6e87ad1ed4f96e7ca,[1],0x82b2f7aae1a0d9bdc4dcd1e10b2015cafe4678eaf012e2956585ff01b7a84b13,[1],1.8930889554866995e+17
769a416b-cac0-43c0-b1ff-e21ffe3aedfe,2022-01-16 22:29:42.861920,14017847.0,0x0000000000d41c96294ccdac8612bdfe29c641af,0x6102fd4cab79350bedcf0cae00cd319b06d8c5ba6c2703524fff29265621bba9,[1],0x4eaf58ef2f816dd93e47ad814493e2e1ad1e5f12f28d1c5951cf9e62be3b3623,[1],1.4173603125247434e+17
5aaaf9dc-b7bb-427a-ada5-49cf4cf001b9,2022-01-16 22:29:42.861920,14017847.0,0x00000000a1f2d3063ed639d19a6a56be87e25b1a,0x17857623bb98aae68060a8ccbda6c5f76f6c80d8d7a3d6b05a4749c0ae544775,[1],0xe23aded8f5f4fe2b8687c8446b7eb2f02778978b649749b1f5e98e2dec5ca3a4,[1],5.589276574347301e+16
6793b2a2-622f-495e-b6a3-ced1929849b1,2022-01-16 22:29:58.615464,14017877.0,0x00000000008c4fb1c916e0c88fd4cc402d935e7d,0x5e03f1d9fd4c7351f9f6285cd4911010d820a2baae02b797c14afc3d20ad4f0a,[1],0xf823b6e55d68b807e689665fde4bafb2e31d40cce95d0b1a32971e8b546b62c5,[1],522328976.0
c0e602cb-5f4d-44f5-917a-342dade9f806,2022-01-16 22:29:56.745718,14017895.0,0x00000000008c4fb1c916e0c88fd4cc402d935e7d,0xc9f86eb78485cdaffcbd75328948972bc4857173bd3eec56fe998c229297728a,[1],0xd096d5100057dfe8a587d4f88d6c6cf646b3c9e7fae2b0db76fc79cb3af6ce58,[1],712081072.0
73037ee9-d530-443a-8e81-ae320151c9ce,2022-01-16 22:30:27.762595,14017908.0,0x00000000008c4fb1c916e0c88fd4cc402d935e7d,0x6c185746fb6841af1a99b782c5e14936399e0c23a46ee8fcb048363b2dca285e,[1],0x9ca5e016ffd81f31228ca503f6f3c9f9242ac6e46cd38e5a5280f2de209ebae4,[1],631550960.0
f52d8933-14a3-4ca3-9770-02f91afee300,2022-01-16 22:30:27.762595,14017909.0,0x1d6e8bac6ea3730825bde4b005ed7b2b39a2932d,0x532f2ceb837a230160296aadd06e6aa84753029290b269cbbef544c3469f9829,[1],0x9fff28aecffa04199d0d7fb3a133934242a26b7899d54fd266dc0dc0ca1f87a7,[1],2.7757796939268426e+17
ad22d958-71a9-4d5b-80be-452013c3ec04,2022-01-16 22:30:27.762595,14017910.0,0x55eb58655f8202ff839487886fedba2a1eb7b2d7,0x6b1fdd2a5546df746af0790309d098cebd81cb99a5ae9ecbd5db509ad8da08ea,[2],0x45769eea1bf9000224692effab825d7c53fa103bcc81d5306cdac072fbe3d57a,[1],14634022202.0
5f54245f-d357-4e75-9b0e-01160947deb5,2022-01-16 22:30:27.762595,14017912.0,0x1d6e8bac6ea3730825bde4b005ed7b2b39a2932d,0x6a1bc3a49c83b3afbf6c81464e0b4c9027174a32590b7702eb0ff5284ac2ee60,[1],0x13401c37b86c28083d9ae5f5c5cd4ed000fcded67c64a104c1eac686eecccb85,[1],3.5115010906410355e+17
b8454c62-27db-4951-a640-3c8512920766,2022-01-16 22:30:33.970374,14017938.0,0x000000000035b5e5ad9019092c665357240f594e,0x46833d59033c4e456f54eddf4ded4f70749460a0c3ab08753f92f565c2f10244,[1],0xf7bd01127dcd3f3917e0188de141f1e5bab057edfed2174a601a1a6b86a8d1e1,[1],4.68621772068205e+16
b05c6629-c8e1-4f6c-9f18-6ede3181b050,2022-01-16 22:30:55.174424,14017951.0,0x00000000008c4fb1c916e0c88fd4cc402d935e7d,0xcdb545881f9c81c249bc7187d966f6eaa657e305c6cd349db2d7780aeeb8ccfe,[1],0xc419ada839c9e53ecf8356c5901bc676dde8acc7ec36f861d1b8737eaccf64dc,[1],508684934.0
39f38fcc-ce75-481d-b534-b12f6de07c8e,2022-01-16 22:31:06.457601,14017966.0,0x000000000035b5e5ad9019092c665357240f594e,0xc841e762809fd622d113bfb5cdaaea88c0cc566ab09655efdee81b1cc7172e14,[0],0x8be1f4392abc4f1389c1e3911790f486c8fbe79670b89c500793d6179a92ad00,[0],2.2996162708031114e+18
1f4eb62e-6ed5-4280-acb1-f0be2ef640b1,2022-01-16 22:31:06.457601,14017970.0,0x2ae0d7d7e9c7880f01e530c731f21d49be179732,0x3451e44b86c03254e4f706a8b8d575eeca7adba074946033582c0e0f831820f8,[1],0xa7114554a9f2ddc6924987e149b9195f5c61e96596078d5d9e9e575ac5ded533,[1],3.4048980975177414e+17
79e558ca-dcab-42aa-a5bf-a3a5d328bbb6,2022-01-16 22:31:17.082622,14017976.0,0x0000000099cb7fc48a935bceb9f05bbae54e8987,0xff705b962a076675a572e78c3730ee70fafc09443c33eb7647dc3d9c0162cdfb,[0],0x9b29d2f6a2e2b6ce4986f532610623b41c740afee4e15ed43cc09c5dcad30224,[0],1008156203.0
ac95a8fa-4906-4386-9eaa-82e4f0c23120,2022-01-16 22:31:17.082622,14017978.0,0x0000000000d41c96294ccdac8612bdfe29c641af,0x50b35912d02690739846d6ac993fb8840a06effc5e6d7ee91acdb0e1648f5f30,[1],0xf0e0bbc4da29a3038dab966066ff455e3af022275937e09e33254ebf234972af,[1],6.662682707899487e+16
d74ea2a9-27ca-4337-99fa-53c86617b501,2022-01-16 22:31:24.095880,14017987.0,0x7cf09d7a9a74f746edcb06949b9d64bcd9d1604f,0x78180aefec8a91df3dcaf5a392acc79b02d594f2394968dc8b54d9eee2b116b3,[1],0x865cc53ba645e97b67e6e579a64f121e35b32ae8a677a3c479045065e0fcbdc0,[1],3.87852726697984e+16
2fa3b8a9-293c-407f-8efe-b6def3008cf9,2022-01-16 22:31:24.095880,14017989.0,0x1d6e8bac6ea3730825bde4b005ed7b2b39a2932d,0x0f508f51c54b137d3705ed54c9fc50610a2cb0b8f14e647eca8840790fcf90ab,[1],0x828490118faf7d007cdb5d6c54b04d5874048b30d150415b80699e3b3740ea55,[1],2.596641182084402e+17
1ed816ce-2505-4b54-ba65-e9e1e5373657,2022-01-16 22:31:24.095880,14017990.0,0x000000a60073b3ab5258ec72f46c002ad912ed76,0xa029340bcfcfcab5fe79928b5eed7cb745c7a425a5d88d1c0e0d0d0cade8bbc6,[0],0xde1215ab2ed5993ee1d66b4b592d8ac20996306d5fbee505288761687ef27f53,[1],5.613046058775332e+16
a50d9ea6-00d4-4838-8435-2d4994c8b07b,2022-01-16 22:31:24.095880,14017992.0,0x0000000099cb7fc48a935bceb9f05bbae54e8987,0xf445e1820a94c558810b96ab7da114726ed31792b5528d8e2b0aa3fde5470435,[1],0xe8a9e3628a02454598ce38a5cf9b8df55211950eeca161967493c040a30960b1,[1],4.3491412526229586e+20
b50ef2ae-88e6-4eef-976c-3b067352d796,2022-01-16 22:31:33.433081,14018000.0,0x7cf09d7a9a74f746edcb06949b9d64bcd9d1604f,0x040ae478cd1d8bee33580ad9b2526ec8d553b81014aeb565a99aa8dba426f47b,[1],0x8fa525c1c1e529e3c5a671031643ac9094d98499e46721018d19598172e07552,[1],7.232192350519296e+16
cc758244-b4d6-42ac-9694-99a41e2b6289,2022-01-16 22:31:40.362630,14018008.0,0x7cf09d7a9a74f746edcb06949b9d64bcd9d1604f,0x7ee80e0c65de889b6c54377b5ed99172402d63055be02bcc96998345fcbdff26,[1],0x8ff26cfad06a002b8ddce6e7df8a866fd00ded3883dbeb63051cfb7aa7e0d793,[1],4.2553725937935974e+17
a9ff4d28-7e63-4c19-8dfd-ca5f707eb831,2022-01-16 22:31:40.362630,14018012.0,0x000000000035b5e5ad9019092c665357240f594e,0x16412eeed8c23ab9fae043c8b97c3838a802644e6a183687c09a1b31d1e6c5b4,[0],0x4fb5460a1518d35d3a657de6c11f7426edd99cf05e2e7e9d30a03a6a9055a21c,[0],2.2654134220685978e+17
1e21237b-d68c-454c-b3c6-94461a34ab09,2022-01-16 22:31:40.362630,14018012.0,0x00000000003b3cc22af3ae1eac0440bcee416b40,0x29fed7563b15ac32f6b7741f20b75d0d7a758c6280cbe2d6dd3240eef916dd08,[1],0xaf8e4427f6a03162f7e384d3f028b0623d380fb4f1499f03c7a732c0d2f6f305,[1],3.715947722440704e+16
007f95e5-c719-41da-aefb-8088037c93c2,2022-01-16 22:31:53.809793,14018027.0,0x1d6e8bac6ea3730825bde4b005ed7b2b39a2932d,0xd1e393345a3a9d4bed3435b4b73784ce6c49258e3403fd056de5d7dc56ac1a7b,[1],0x3e99aec752bda36615dc5026fe43719fbc098a0410241ae0599e74f06b4bdfb0,[1],1.561744208014215e+18
51558916-aca1-43f9-8182-ac74ad8800ce,2022-01-16 22:31:53.809793,14018034.0,0x7cf09d7a9a74f746edcb06949b9d64bcd9d1604f,0x00fe00a3ffccc130246c14a1c29427ccbcce2ba83c279b3f03b4ca577c0605bc,[0],0x51d698a392fed51f77fb37ee013674101cd3093eacd96a26645ad955fd86a728,[0],7.44679476440439e+16
